,0
m_Ahr_1,GATTCGTGGCCCACCCTAGCAGC
m_Ahr_3,GATTGCAATGGGTGCCGGAGGTC
m_Ahr_4,AATTAGGGCTTGCAGTGCACGGC
m_Atf3_1,GAATTCCCATCGATTCCTTGAGC
m_Atf3_2,GATTGGTTACCCATGATTGACGC
m_Cebpb_1,GATTGGTGTCGTTCCGAGAGCGC
m_Cebpb_3,AATTTTGATGCCAGTGCCGCTCC
m_Ctcf_1,GATTTCCATACCGTATCAAGAGC
m_Ctcf_2,GATTTAGTGATCAGGCGGGAAGC
m_E2f1_3,GATTTCCTATCAGCCTCATATCC
m_E2f1_4,AGATTGCATGGAGCTGCCTTCGC
m_E2f4_2,GAATTGCGGCCCGGAAACCCACC
m_E2f4_3,AGATTCACGGCTGGTTTCAGATC
m_E2f4_4,AATTCATACATTTTAAGTTGGGC
m_Egr1_3,GGATTTTCTGATCTCCGACATCC
m_Egr1_4,GATTATACGGTCGCCTCGGCAGC
m_Egr2_2,AATTTTCGCTACCTGCTACCCGC
m_Egr2_3,AGATTTTCATGATCTCCGACTCC
m_Egr2_4,GATTAGGGCTTGCAGTGCACGGC
m_Ets2_1,TGATTCAGGAGTTTCTACGCATC
m_Ets2_3,AGATTATTTTTGGCGTTTGGTGC
m_Ets2_4,AATTACGTGGCCTACTCCATCGC
m_Hif1a_1,AATTGTTCCCCGTTGAAAGATCC
m_Hif1a_3,GATTGCCTGCGCACGATTGTGTC
m_Hif1a_4,GATTACCGCGTCTGCTGAGTTAC
m_Irf1_1,AATTCCGCGCTATTTCGTGATGC
m_Irf1_2,AATTTTAGTGCAGACCGACCAGC
m_Irf1_4,AATTTTACCCCATGACCCACTGC
m_Irf2_1,GAATTAGATCGGTTCAGCGGCAC
m_Irf2_2,TGATTCCCCGCCCCCTTTGAAGC
m_Irf2_3,GATTCGTATGCGGGCACAAAACC
m_Irf2_4,GATTTACATCGTGCTGGCATGGC
m_Irf4_2,AATTGAGCGTCGTAGATACCACC
m_Irf4_3,AATTCTCACAACAGGCCCCGGGC
m_Irf4_4,GATTACGCAGTACACCCGGTGGC
m_Junb_1,AATTCAGGACGATCCAACCACGC
m_Junb_4,AATTATAATCTCCAATACATTTC
m_Maff_1,GATTCAGGACGATCCAACCACGC
m_Maff_3,AATTCTCTGGTCTGCCGATGCGC
m_Maff_4,AATTACTGTATATCCGCCTGAAC
m_MouseNTC_100_A_67005,AATTCGGAGAGTGTGCAGTTCTC
m_Nfkb1_1,AATTACTTGACTCTTTAGCGAGC
m_Nfkb1_2,GATTGCTTGACTCGTTAGCGAGC
m_Nfkb1_3,AATTCTAACTCAGCGACTGGAGC
m_Nfkb1_4,AATTCCAACCCTACGTTAGCTCC
m_Rel_1,AATTGAAACTCTCCCGCCTGACC
m_Rel_2,GATTCCATTTGGACTCATGGTTC
m_Rel_3,AATTTGGTAAAGCCGTAGTACGC
m_Rela_1,GATTGAACTCATGCCGCGCCGAC
m_Rela_2,GAATTTCAAGGTGTGCCGGTACC
m_Rela_3,GATTCGGAAGCTATAAAAGTGGC
m_Relb_1,GATTCAAGGAGTTTCTACGCATC
m_Relb_4,AATAAACCCTCACTTGCCGACGC
m_Runx1_2,AATTCTACCAAAATCCTTTCCGC
m_Runx1_4,AATTCACGACCCACCGTCTCTTC
m_Spi1_1,TAGATTTCAGGTGTGCCGGAACC
m_Spi1_2,GATTTTGAACATTAACGGAACGC
m_Spi1_3,GATTCGATCAACGCAGAGACGGC
m_Spi1_4,GATTCCCTTAGTATTCTGCGTCC
m_Stat1_1,GATTTCGCTATCCCGTACAAACC
m_Stat1_2,GATTAAACCCTCACTGCCGACGC
m_Stat1_3,ATTTGTTGCCAATGCCACAGACC
m_Stat2_2,GATTAATCGCGACCTTTAAGTTC
m_Stat2_3,AATTTAAACACATGCATTTCACC
m_Stat2_4,GATTGTTCGCTGGGTACACATCC
m_Stat3_1,AATTACATTACGCTATTAGCGTC
m_Stat3_3,GATTACATTACGCTATTAGCGTC
